Period Type,User,Status,Start Time,1,2,3,4,5,6,7,8,9,10,11,12,13,14,15,16,17,18,19,20,> Count,Active Hours,On Hours,User Hours
month,Student,Active,03/01/21,1.73,0.0,0.0,0.0,0.0,0.0,0.0,0.0,0.0,0.0,0.0,0.0,0.0,0.0,0.0,0.0,0.0,0.0,0.0,0.0,0.0,1.73,2.47,1.73
month,Student,Active,02/01/21,32.4,11.82,8.85,6.32,8.05,1.5,1.57,1.65,1.07,1.72,5.13,1.68,0.0,0.0,0.0,0.0,0.0,0.0,0.0,0.0,0.0,81.75,253.83,284.7
month,Student,Active,01/01/21,0.0,0.0,0.0,0.0,0.0,0.0,0.0,0.0,0.0,0.0,0.0,0.0,0.0,0.0,0.0,0.0,0.0,0.0,0.0,0.0,0.0,0.0,0.0,0.0
month,Student,Active,12/01/20,25.87,4.52,1.87,1.2,0.25,1.92,2.32,2.17,3.53,2.5,1.2,0.0,0.0,0.0,0.0,0.0,0.0,0.0,0.0,0.0,0.0,47.33,325.93,161.6
month,Student,Active,11/01/20,31.53,16.47,7.33,4.82,3.95,2.88,3.18,3.4,7.48,6.47,2.23,1.65,0.0,0.0,0.0,0.0,0.0,0.0,0.0,0.0,0.0,91.4,455.97,368.65
month,Student,Active,10/01/20,49.9,6.2,3.6,1.73,1.58,2.48,1.32,2.4,2.22,2.28,2.13,5.47,2.7,0.0,0.0,0.0,0.0,0.0,0.0,0.0,0.0,84.02,351.02,298.22
month,Student,Active,09/01/20,25.67,8.62,5.25,3.28,1.82,3.0,3.3,2.58,2.77,5.33,8.63,3.78,4.62,0.0,0.0,0.0,0.0,0.0,0.0,0.0,0.0,78.65,329.1,421.25
month,Student,Active,08/01/20,27.13,8.15,2.67,3.77,2.87,2.28,2.67,2.28,3.78,2.42,2.98,3.12,2.92,2.27,0.02,0.0,0.0,0.0,0.0,0.0,0.0,69.32,358.72,329.8
month,Student,Active,07/01/20,16.12,1.93,2.47,1.9,0.95,0.68,0.28,0.23,0.08,0.23,0.1,0.17,0.4,1.03,0.0,0.0,0.0,0.0,0.0,0.0,0.0,26.58,225.28,73.53
month,Student,Active,06/01/20,0.0,0.0,0.0,0.0,0.0,0.0,0.0,0.0,0.0,0.0,0.0,0.0,0.0,0.0,0.0,0.0,0.0,0.0,0.0,0.0,0.0,0.0,0.0,0.0
month,Student,Active,05/01/20,0.0,0.0,0.0,0.0,0.0,0.0,0.0,0.0,0.0,0.0,0.0,0.0,0.0,0.0,0.0,0.0,0.0,0.0,0.0,0.0,0.0,0.0,0.0,0.0
month,Student,Active,04/01/20,0.0,0.0,0.0,0.0,0.0,0.0,0.0,0.0,0.0,0.0,0.0,0.0,0.0,0.0,0.0,0.0,0.0,0.0,0.0,0.0,0.0,0.0,0.0,0.0
month,Student,Active,03/01/20,20.3,10.27,4.35,2.02,1.18,1.13,1.03,0.57,0.48,0.72,0.77,0.78,0.13,0.73,0.3,0.55,0.0,0.0,0.0,0.0,0.0,45.32,107.28,141.08
month,Student,Active,02/01/20,53.63,17.82,7.7,4.72,2.57,2.43,2.05,2.55,2.38,3.48,2.32,3.2,2.68,3.07,1.33,0.17,0.0,0.0,0.0,0.0,0.0,112.1,361.32,414.07
month,Student,Active,01/01/20,24.58,13.5,7.57,5.18,4.53,2.78,2.3,2.22,2.1,2.13,1.9,2.18,1.33,1.57,2.03,2.32,0.67,0.25,0.0,0.0,0.0,79.15,262.8,378.22
month,Student,Active,12/01/19,7.85,1.4,1.83,0.0,0.0,0.0,0.0,0.0,0.0,0.0,0.0,0.0,0.0,0.0,0.0,0.0,0.0,0.0,0.0,0.0,0.0,11.08,19.95,16.15
month,Student,Active,11/01/19,54.03,11.88,7.45,7.88,3.37,4.92,7.02,11.75,7.25,0.1,0.0,0.0,0.0,0.0,0.0,0.0,0.0,0.0,0.0,0.0,0.0,115.65,212.6,387.38
month,Student,Active,10/01/19,32.82,13.6,8.4,4.83,5.0,3.17,3.02,1.02,0.12,0.0,0.0,0.0,0.0,0.0,0.0,0.0,0.0,0.0,0.0,0.0,0.0,71.97,175.58,178.85
month,Student,All,03/01/21,1.75,0.0,0.0,0.0,0.0,0.0,0.0,0.0,0.0,0.0,0.0,0.0,0.0,0.0,0.0,0.0,0.0,0.0,0.0,0.0,0.0,1.75,2.47,1.75
month,Student,All,02/01/21,57.8,36.75,13.57,16.77,19.87,4.33,1.82,2.17,1.65,1.3,3.97,3.3,0.0,0.0,0.0,0.0,0.0,0.0,0.0,0.0,0.0,163.28,253.83,505.53
month,Student,All,01/01/21,0.0,0.0,0.0,0.0,0.0,0.0,0.0,0.0,0.0,0.0,0.0,0.0,0.0,0.0,0.0,0.0,0.0,0.0,0.0,0.0,0.0,0.0,0.0,0.0
month,Student,All,12/01/20,40.77,28.18,36.58,7.18,0.95,1.9,1.65,3.37,3.83,2.18,2.22,0.0,0.0,0.0,0.0,0.0,0.0,0.0,0.0,0.0,0.0,128.82,325.93,370.97
month,Student,All,11/01/20,75.87,114.38,42.98,48.92,13.63,2.6,20.75,4.0,4.03,5.97,6.37,3.53,0.0,0.0,0.0,0.0,0.0,0.0,0.0,0.0,0.0,343.03,455.97,1098.67
month,Student,All,10/01/20,26.67,9.95,49.77,33.73,1.03,2.75,14.48,2.87,1.45,2.12,2.85,5.12,5.05,0.0,0.0,0.0,0.0,0.0,0.0,0.0,0.0,157.83,351.02,669.4
month,Student,All,09/01/20,22.35,21.02,113.13,11.8,1.28,22.52,31.83,2.07,2.48,3.4,10.97,4.1,6.33,1.15,0.0,0.0,0.0,0.0,0.0,0.0,0.0,254.43,329.1,1156.48
month,Student,All,08/01/20,59.12,52.9,45.58,27.73,8.0,2.28,11.22,3.2,3.3,3.62,2.52,2.52,2.57,4.77,0.18,0.0,0.0,0.0,0.0,0.0,0.0,229.5,358.72,797.02
month,Student,All,07/01/20,151.72,6.45,1.9,2.27,1.58,10.28,0.17,0.27,0.33,0.2,0.08,0.15,0.3,1.2,0.0,0.0,0.0,0.0,0.0,0.0,0.0,176.9,225.28,280.72
month,Student,All,06/01/20,0.0,0.0,0.0,0.0,0.0,0.0,0.0,0.0,0.0,0.0,0.0,0.0,0.0,0.0,0.0,0.0,0.0,0.0,0.0,0.0,0.0,0.0,0.0,0.0
month,Student,All,05/01/20,0.0,0.0,0.0,0.0,0.0,0.0,0.0,0.0,0.0,0.0,0.0,0.0,0.0,0.0,0.0,0.0,0.0,0.0,0.0,0.0,0.0,0.0,0.0,0.0
month,Student,All,04/01/20,0.0,0.0,0.0,0.0,0.0,0.0,0.0,0.0,0.0,0.0,0.0,0.0,0.0,0.0,0.0,0.0,0.0,0.0,0.0,0.0,0.0,0.0,0.0,0.0
month,Student,All,03/01/20,16.18,6.22,5.65,2.27,2.37,4.3,15.7,0.92,0.47,18.73,1.25,0.8,2.9,0.85,0.17,0.65,0.9,0.0,0.0,0.0,0.0,80.32,107.28,502.18
month,Student,All,02/01/20,52.32,21.05,17.15,4.55,17.2,18.37,28.72,14.0,6.42,22.4,7.17,1.82,2.88,4.33,5.23,1.6,0.0,0.0,0.0,0.0,0.0,225.2,361.32,1257.92
month,Student,All,01/01/20,18.35,15.47,12.48,5.72,5.32,20.42,3.62,3.6,12.58,3.63,2.62,7.77,1.83,2.58,3.32,3.62,0.98,0.45,0.0,0.0,0.0,124.35,262.8,776.8
month,Student,All,12/01/19,7.53,0.05,11.67,0.0,0.0,0.0,0.0,0.0,0.0,0.0,0.0,0.0,0.0,0.0,0.0,0.0,0.0,0.0,0.0,0.0,0.0,19.25,19.95,42.63
month,Student,All,11/01/19,25.47,39.7,12.82,7.22,6.05,20.72,13.78,22.78,36.38,0.07,0.1,0.0,0.0,0.0,0.0,0.0,0.0,0.0,0.0,0.0,0.0,185.08,212.6,934.7
month,Student,All,10/01/19,72.3,16.58,16.88,21.82,16.22,6.47,5.88,1.82,0.13,0.0,0.0,0.0,0.0,0.0,0.0,0.0,0.0,0.0,0.0,0.0,0.0,158.1,175.58,420.18
month,Teacher,Active,03/01/21,0.0,0.0,0.0,0.0,0.0,0.0,0.0,0.0,0.0,0.0,0.0,0.0,0.0,0.0,0.0,0.0,0.0,0.0,0.0,0.0,0.0,0.0,2.47,0.0
month,Teacher,Active,02/01/21,0.0,0.0,0.0,0.0,0.0,0.0,0.0,0.0,0.0,0.0,0.0,0.0,0.0,0.0,0.0,0.0,0.0,0.0,0.0,0.0,0.0,0.0,253.83,0.0
month,Teacher,Active,01/01/21,0.0,0.0,0.0,0.0,0.0,0.0,0.0,0.0,0.0,0.0,0.0,0.0,0.0,0.0,0.0,0.0,0.0,0.0,0.0,0.0,0.0,0.0,0.0,0.0
month,Teacher,Active,12/01/20,12.22,0.53,0.0,0.0,0.0,0.0,0.0,0.0,0.0,0.0,0.0,0.0,0.0,0.0,0.0,0.0,0.0,0.0,0.0,0.0,0.0,12.75,325.93,13.28
month,Teacher,Active,11/01/20,6.63,2.42,0.62,0.0,0.0,0.0,0.0,0.0,0.0,0.0,0.0,0.0,0.0,0.0,0.0,0.0,0.0,0.0,0.0,0.0,0.0,9.67,455.97,13.32
month,Teacher,Active,10/01/20,5.6,0.0,0.0,0.0,0.0,0.0,0.0,0.0,0.0,0.0,0.0,0.0,0.0,0.0,0.0,0.0,0.0,0.0,0.0,0.0,0.0,5.6,351.02,5.6
month,Teacher,Active,09/01/20,3.57,0.0,0.0,0.0,0.0,0.0,0.0,0.0,0.0,0.0,0.0,0.0,0.0,0.0,0.0,0.0,0.0,0.0,0.0,0.0,0.0,3.57,329.1,3.57
month,Teacher,Active,08/01/20,36.3,0.2,0.0,0.0,0.0,0.0,0.0,0.0,0.0,0.0,0.0,0.0,0.0,0.0,0.0,0.0,0.0,0.0,0.0,0.0,0.0,36.5,358.72,36.7
month,Teacher,Active,07/01/20,46.67,0.0,0.0,0.0,0.0,0.0,0.0,0.0,0.0,0.0,0.0,0.0,0.0,0.0,0.0,0.0,0.0,0.0,0.0,0.0,0.0,46.67,225.28,46.67
month,Teacher,Active,06/01/20,0.0,0.0,0.0,0.0,0.0,0.0,0.0,0.0,0.0,0.0,0.0,0.0,0.0,0.0,0.0,0.0,0.0,0.0,0.0,0.0,0.0,0.0,0.0,0.0
month,Teacher,Active,05/01/20,0.0,0.0,0.0,0.0,0.0,0.0,0.0,0.0,0.0,0.0,0.0,0.0,0.0,0.0,0.0,0.0,0.0,0.0,0.0,0.0,0.0,0.0,0.0,0.0
month,Teacher,Active,04/01/20,0.0,0.0,0.0,0.0,0.0,0.0,0.0,0.0,0.0,0.0,0.0,0.0,0.0,0.0,0.0,0.0,0.0,0.0,0.0,0.0,0.0,0.0,0.0,0.0
month,Teacher,Active,03/01/20,24.4,0.37,0.0,0.0,0.0,0.0,0.0,0.0,0.0,0.0,0.0,0.0,0.0,0.0,0.0,0.0,0.0,0.0,0.0,0.0,0.0,24.77,107.28,25.13
month,Teacher,Active,02/01/20,48.92,4.07,0.0,0.0,0.0,0.0,0.0,0.0,0.0,0.0,0.0,0.0,0.0,0.0,0.0,0.0,0.0,0.0,0.0,0.0,0.0,52.98,361.32,57.05
month,Teacher,Active,01/01/20,25.4,6.27,0.05,0.0,0.0,0.0,0.0,0.0,0.0,0.0,0.0,0.0,0.0,0.0,0.0,0.0,0.0,0.0,0.0,0.0,0.0,31.72,262.8,38.08
month,Teacher,Active,12/01/19,9.28,0.0,0.0,0.0,0.0,0.0,0.0,0.0,0.0,0.0,0.0,0.0,0.0,0.0,0.0,0.0,0.0,0.0,0.0,0.0,0.0,9.28,19.95,9.28
month,Teacher,Active,11/01/19,42.03,3.53,2.57,0.0,0.0,0.0,0.0,0.0,0.0,0.0,0.0,0.0,0.0,0.0,0.0,0.0,0.0,0.0,0.0,0.0,0.0,48.13,212.6,56.8
month,Teacher,Active,10/01/19,13.22,2.47,0.0,0.0,0.0,0.0,0.0,0.0,0.0,0.0,0.0,0.0,0.0,0.0,0.0,0.0,0.0,0.0,0.0,0.0,0.0,15.68,175.58,18.15
month,Teacher,All,03/01/21,0.0,0.0,0.0,0.0,0.0,0.0,0.0,0.0,0.0,0.0,0.0,0.0,0.0,0.0,0.0,0.0,0.0,0.0,0.0,0.0,0.0,0.0,2.47,0.0
month,Teacher,All,02/01/21,0.0,0.0,0.0,0.0,0.0,0.0,0.0,0.0,0.0,0.0,0.0,0.0,0.0,0.0,0.0,0.0,0.0,0.0,0.0,0.0,0.0,0.0,253.83,0.0
month,Teacher,All,01/01/21,0.0,0.0,0.0,0.0,0.0,0.0,0.0,0.0,0.0,0.0,0.0,0.0,0.0,0.0,0.0,0.0,0.0,0.0,0.0,0.0,0.0,0.0,0.0,0.0
month,Teacher,All,12/01/20,12.22,0.53,0.0,0.0,0.0,0.0,0.0,0.0,0.0,0.0,0.0,0.0,0.0,0.0,0.0,0.0,0.0,0.0,0.0,0.0,0.0,12.75,325.93,13.28
month,Teacher,All,11/01/20,6.63,2.42,0.62,0.0,0.0,0.0,0.0,0.0,0.0,0.0,0.0,0.0,0.0,0.0,0.0,0.0,0.0,0.0,0.0,0.0,0.0,9.67,455.97,13.32
month,Teacher,All,10/01/20,5.6,0.0,0.0,0.0,0.0,0.0,0.0,0.0,0.0,0.0,0.0,0.0,0.0,0.0,0.0,0.0,0.0,0.0,0.0,0.0,0.0,5.6,351.02,5.6
month,Teacher,All,09/01/20,3.57,0.0,0.0,0.0,0.0,0.0,0.0,0.0,0.0,0.0,0.0,0.0,0.0,0.0,0.0,0.0,0.0,0.0,0.0,0.0,0.0,3.57,329.1,3.57
month,Teacher,All,08/01/20,36.3,0.2,0.0,0.0,0.0,0.0,0.0,0.0,0.0,0.0,0.0,0.0,0.0,0.0,0.0,0.0,0.0,0.0,0.0,0.0,0.0,36.5,358.72,36.7
month,Teacher,All,07/01/20,46.67,0.0,0.0,0.0,0.0,0.0,0.0,0.0,0.0,0.0,0.0,0.0,0.0,0.0,0.0,0.0,0.0,0.0,0.0,0.0,0.0,46.67,225.28,46.67
month,Teacher,All,06/01/20,0.0,0.0,0.0,0.0,0.0,0.0,0.0,0.0,0.0,0.0,0.0,0.0,0.0,0.0,0.0,0.0,0.0,0.0,0.0,0.0,0.0,0.0,0.0,0.0
month,Teacher,All,05/01/20,0.0,0.0,0.0,0.0,0.0,0.0,0.0,0.0,0.0,0.0,0.0,0.0,0.0,0.0,0.0,0.0,0.0,0.0,0.0,0.0,0.0,0.0,0.0,0.0
month,Teacher,All,04/01/20,0.0,0.0,0.0,0.0,0.0,0.0,0.0,0.0,0.0,0.0,0.0,0.0,0.0,0.0,0.0,0.0,0.0,0.0,0.0,0.0,0.0,0.0,0.0,0.0
month,Teacher,All,03/01/20,24.4,0.37,0.0,0.0,0.0,0.0,0.0,0.0,0.0,0.0,0.0,0.0,0.0,0.0,0.0,0.0,0.0,0.0,0.0,0.0,0.0,24.77,107.28,25.13
month,Teacher,All,02/01/20,48.92,4.07,0.0,0.0,0.0,0.0,0.0,0.0,0.0,0.0,0.0,0.0,0.0,0.0,0.0,0.0,0.0,0.0,0.0,0.0,0.0,52.98,361.32,57.05
month,Teacher,All,01/01/20,25.4,6.27,0.05,0.0,0.0,0.0,0.0,0.0,0.0,0.0,0.0,0.0,0.0,0.0,0.0,0.0,0.0,0.0,0.0,0.0,0.0,31.72,262.8,38.08
month,Teacher,All,12/01/19,9.28,0.0,0.0,0.0,0.0,0.0,0.0,0.0,0.0,0.0,0.0,0.0,0.0,0.0,0.0,0.0,0.0,0.0,0.0,0.0,0.0,9.28,19.95,9.28
month,Teacher,All,11/01/19,42.03,3.53,2.57,0.0,0.0,0.0,0.0,0.0,0.0,0.0,0.0,0.0,0.0,0.0,0.0,0.0,0.0,0.0,0.0,0.0,0.0,48.13,212.6,56.8
month,Teacher,All,10/01/19,13.22,2.47,0.0,0.0,0.0,0.0,0.0,0.0,0.0,0.0,0.0,0.0,0.0,0.0,0.0,0.0,0.0,0.0,0.0,0.0,0.0,15.68,175.58,18.15
week,Student,Active,03/01/21,1.73,0.0,0.0,0.0,0.0,0.0,0.0,0.0,0.0,0.0,0.0,0.0,0.0,0.0,0.0,0.0,0.0,0.0,0.0,0.0,0.0,1.73,2.47,1.73
week,Student,Active,02/22/21,6.63,1.42,2.42,1.93,1.12,0.08,0.18,0.83,0.65,0.0,0.0,0.0,0.0,0.0,0.0,0.0,0.0,0.0,0.0,0.0,0.0,15.27,62.32,44.33
week,Student,Active,02/15/21,18.55,5.38,3.05,2.55,6.25,1.2,0.4,0.35,0.33,1.72,5.13,1.68,0.0,0.0,0.0,0.0,0.0,0.0,0.0,0.0,0.0,46.6,98.62,189.55
week,Student,Active,02/08/21,4.53,3.57,2.87,1.42,0.58,0.22,0.95,0.12,0.0,0.0,0.0,0.0,0.0,0.0,0.0,0.0,0.0,0.0,0.0,0.0,0.0,14.25,66.75,37.73
week,Student,Active,02/01/21,2.68,1.45,0.52,0.42,0.1,0.0,0.03,0.35,0.08,0.0,0.0,0.0,0.0,0.0,0.0,0.0,0.0,0.0,0.0,0.0,0.0,5.63,26.15,13.08
week,Student,Active,01/25/21,0.0,0.0,0.0,0.0,0.0,0.0,0.0,0.0,0.0,0.0,0.0,0.0,0.0,0.0,0.0,0.0,0.0,0.0,0.0,0.0,0.0,0.0,0.0,0.0
week,Student,Active,01/18/21,0.0,0.0,0.0,0.0,0.0,0.0,0.0,0.0,0.0,0.0,0.0,0.0,0.0,0.0,0.0,0.0,0.0,0.0,0.0,0.0,0.0,0.0,0.0,0.0
week,Student,Active,01/11/21,0.0,0.0,0.0,0.0,0.0,0.0,0.0,0.0,0.0,0.0,0.0,0.0,0.0,0.0,0.0,0.0,0.0,0.0,0.0,0.0,0.0,0.0,0.0,0.0
week,Student,Active,01/04/21,0.0,0.0,0.0,0.0,0.0,0.0,0.0,0.0,0.0,0.0,0.0,0.0,0.0,0.0,0.0,0.0,0.0,0.0,0.0,0.0,0.0,0.0,0.0,0.0
week,Student,Active,12/28/20,0.0,0.0,0.0,0.0,0.0,0.0,0.0,0.0,0.0,0.0,0.0,0.0,0.0,0.0,0.0,0.0,0.0,0.0,0.0,0.0,0.0,0.0,0.0,0.0
week,Student,Active,12/21/20,2.82,0.27,0.0,0.0,0.0,0.0,0.0,0.0,0.0,0.0,0.0,0.0,0.0,0.0,0.0,0.0,0.0,0.0,0.0,0.0,0.0,3.08,9.3,3.35
week,Student,Active,12/14/20,5.87,2.02,0.0,0.0,0.0,0.0,0.0,0.0,0.0,0.0,0.0,0.0,0.0,0.0,0.0,0.0,0.0,0.0,0.0,0.0,0.0,7.88,45.63,9.9
week,Student,Active,12/07/20,7.65,1.27,1.48,0.98,0.25,1.08,1.17,0.78,2.6,1.5,0.0,0.0,0.0,0.0,0.0,0.0,0.0,0.0,0.0,0.0,0.0,18.77,145.98,79.15
week,Student,Active,11/30/20,10.35,2.15,1.88,0.25,0.05,0.87,1.53,1.68,1.72,1.0,1.2,0.0,0.0,0.0,0.0,0.0,0.0,0.0,0.0,0.0,0.0,22.68,138.07,89.6
week,Student,Active,11/23/20,13.05,3.1,2.42,2.65,1.02,0.6,0.57,0.77,2.08,1.53,0.35,1.52,0.0,0.0,0.0,0.0,0.0,0.0,0.0,0.0,0.0,29.65,86.72,112.02
week,Student,Active,11/16/20,5.02,2.73,0.18,0.1,0.1,0.0,0.0,0.0,0.0,0.0,0.0,0.0,0.0,0.0,0.0,0.0,0.0,0.0,0.0,0.0,0.0,8.13,104.87,11.93
week,Student,Active,11/09/20,7.38,5.1,1.17,1.4,1.95,0.75,0.77,1.28,2.07,0.57,0.88,0.13,0.0,0.0,0.0,0.0,0.0,0.0,0.0,0.0,0.0,23.45,107.92,92.15
week,Student,Active,11/02/20,5.27,4.35,2.07,0.63,0.83,1.5,1.47,1.05,2.55,4.37,1.0,0.0,0.0,0.0,0.0,0.0,0.0,0.0,0.0,0.0,0.0,25.08,143.42,132.15
week,Student,Active,10/26/20,0.0,0.0,0.0,0.0,0.0,0.0,0.0,0.0,0.0,0.0,0.0,0.0,0.0,0.0,0.0,0.0,0.0,0.0,0.0,0.0,0.0,0.0,0.0,0.0
week,Student,Active,10/19/20,11.9,1.33,1.18,0.97,0.87,1.27,0.88,0.6,0.42,1.35,0.48,0.0,0.0,0.0,0.0,0.0,0.0,0.0,0.0,0.0,0.0,21.25,110.65,67.47
week,Student,Active,10/12/20,6.02,3.3,1.68,0.52,0.38,0.93,0.2,0.63,0.82,0.58,0.57,0.42,0.0,0.0,0.0,0.0,0.0,0.0,0.0,0.0,0.0,16.05,81.67,58.13
week,Student,Active,10/05/20,24.1,1.37,0.73,0.25,0.33,0.28,0.23,1.17,0.98,0.35,1.08,5.05,2.7,0.0,0.0,0.0,0.0,0.0,0.0,0.0,0.0,38.63,142.5,164.33
week,Student,Active,09/28/20,19.83,0.58,0.05,0.25,0.08,0.55,0.3,0.05,0.58,0.48,2.27,0.38,0.5,0.0,0.0,0.0,0.0,0.0,0.0,0.0,0.0,25.92,77.45,74.48
week,Student,Active,09/21/20,3.37,1.3,0.72,0.1,0.02,0.05,0.08,0.18,0.0,0.0,0.08,0.52,0.2,0.0,0.0,0.0,0.0,0.0,0.0,0.0,0.0,6.62,18.77,20.67
week,Student,Active,09/14/20,2.1,2.93,2.97,2.15,0.72,0.95,1.48,0.58,0.37,0.28,0.27,0.38,0.3,0.0,0.0,0.0,0.0,0.0,0.0,0.0,0.0,15.48,34.57,67.37
week,Student,Active,09/07/20,5.77,3.38,1.0,0.47,0.62,0.73,0.77,0.32,0.32,1.25,0.73,2.5,3.62,0.0,0.0,0.0,0.0,0.0,0.0,0.0,0.0,21.47,101.82,133.22
week,Student,Active,08/31/20,2.53,0.9,0.55,0.35,0.4,0.77,0.7,1.48,1.72,3.58,5.88,0.0,0.0,0.0,0.0,0.0,0.0,0.0,0.0,0.0,0.0,18.87,123.98,146.75
week,Student,Active,08/24/20,6.53,3.67,1.28,0.7,0.55,0.8,0.57,0.27,0.03,0.03,0.03,0.0,0.0,0.0,0.0,0.0,0.0,0.0,0.0,0.0,0.0,14.47,87.42,35.17
week,Student,Active,08/17/20,7.12,1.6,0.43,0.97,1.08,0.47,0.67,0.62,1.08,0.52,0.45,0.63,0.95,0.48,0.02,0.0,0.0,0.0,0.0,0.0,0.0,17.08,44.13,80.13
week,Student,Active,08/10/20,7.25,1.17,0.38,0.0,0.17,0.18,0.08,0.12,0.92,0.05,0.0,0.0,0.0,0.0,0.0,0.0,0.0,0.0,0.0,0.0,0.0,10.32,81.4,22.93
week,Student,Active,08/03/20,6.18,1.43,0.53,2.07,1.05,0.78,1.32,1.25,1.53,1.55,1.9,2.48,1.97,1.78,0.0,0.0,0.0,0.0,0.0,0.0,0.0,25.83,98.17,178.62
week,Student,Active,07/27/20,7.52,0.98,1.03,0.85,0.37,0.33,0.08,0.12,0.02,0.17,0.03,0.15,0.17,0.3,0.0,0.0,0.0,0.0,0.0,0.0,0.0,12.12,150.38,31.68
week,Student,Active,07/20/20,8.6,0.95,1.43,1.05,0.58,0.35,0.2,0.12,0.07,0.07,0.07,0.02,0.23,0.73,0.0,0.0,0.0,0.0,0.0,0.0,0.0,14.47,111.22,41.85
week,Student,Active,07/13/20,0.0,0.0,0.0,0.0,0.0,0.0,0.0,0.0,0.0,0.0,0.0,0.0,0.0,0.0,0.0,0.0,0.0,0.0,0.0,0.0,0.0,0.0,0.0,0.0
week,Student,Active,07/06/20,0.0,0.0,0.0,0.0,0.0,0.0,0.0,0.0,0.0,0.0,0.0,0.0,0.0,0.0,0.0,0.0,0.0,0.0,0.0,0.0,0.0,0.0,0.0,0.0
week,Student,Active,06/29/20,0.0,0.0,0.0,0.0,0.0,0.0,0.0,0.0,0.0,0.0,0.0,0.0,0.0,0.0,0.0,0.0,0.0,0.0,0.0,0.0,0.0,0.0,0.0,0.0
week,Student,Active,06/22/20,0.0,0.0,0.0,0.0,0.0,0.0,0.0,0.0,0.0,0.0,0.0,0.0,0.0,0.0,0.0,0.0,0.0,0.0,0.0,0.0,0.0,0.0,0.0,0.0
week,Student,Active,06/15/20,0.0,0.0,0.0,0.0,0.0,0.0,0.0,0.0,0.0,0.0,0.0,0.0,0.0,0.0,0.0,0.0,0.0,0.0,0.0,0.0,0.0,0.0,0.0,0.0
week,Student,Active,06/08/20,0.0,0.0,0.0,0.0,0.0,0.0,0.0,0.0,0.0,0.0,0.0,0.0,0.0,0.0,0.0,0.0,0.0,0.0,0.0,0.0,0.0,0.0,0.0,0.0
week,Student,Active,06/01/20,0.0,0.0,0.0,0.0,0.0,0.0,0.0,0.0,0.0,0.0,0.0,0.0,0.0,0.0,0.0,0.0,0.0,0.0,0.0,0.0,0.0,0.0,0.0,0.0
week,Student,Active,05/25/20,0.0,0.0,0.0,0.0,0.0,0.0,0.0,0.0,0.0,0.0,0.0,0.0,0.0,0.0,0.0,0.0,0.0,0.0,0.0,0.0,0.0,0.0,0.0,0.0
week,Student,Active,05/18/20,0.0,0.0,0.0,0.0,0.0,0.0,0.0,0.0,0.0,0.0,0.0,0.0,0.0,0.0,0.0,0.0,0.0,0.0,0.0,0.0,0.0,0.0,0.0,0.0
week,Student,Active,05/11/20,0.0,0.0,0.0,0.0,0.0,0.0,0.0,0.0,0.0,0.0,0.0,0.0,0.0,0.0,0.0,0.0,0.0,0.0,0.0,0.0,0.0,0.0,0.0,0.0
week,Student,Active,05/04/20,0.0,0.0,0.0,0.0,0.0,0.0,0.0,0.0,0.0,0.0,0.0,0.0,0.0,0.0,0.0,0.0,0.0,0.0,0.0,0.0,0.0,0.0,0.0,0.0
week,Student,Active,04/27/20,0.0,0.0,0.0,0.0,0.0,0.0,0.0,0.0,0.0,0.0,0.0,0.0,0.0,0.0,0.0,0.0,0.0,0.0,0.0,0.0,0.0,0.0,0.0,0.0
week,Student,Active,04/20/20,0.0,0.0,0.0,0.0,0.0,0.0,0.0,0.0,0.0,0.0,0.0,0.0,0.0,0.0,0.0,0.0,0.0,0.0,0.0,0.0,0.0,0.0,0.0,0.0
week,Student,Active,04/13/20,0.0,0.0,0.0,0.0,0.0,0.0,0.0,0.0,0.0,0.0,0.0,0.0,0.0,0.0,0.0,0.0,0.0,0.0,0.0,0.0,0.0,0.0,0.0,0.0
week,Student,Active,04/06/20,0.0,0.0,0.0,0.0,0.0,0.0,0.0,0.0,0.0,0.0,0.0,0.0,0.0,0.0,0.0,0.0,0.0,0.0,0.0,0.0,0.0,0.0,0.0,0.0
week,Student,Active,03/30/20,0.0,0.0,0.0,0.0,0.0,0.0,0.0,0.0,0.0,0.0,0.0,0.0,0.0,0.0,0.0,0.0,0.0,0.0,0.0,0.0,0.0,0.0,0.0,0.0
week,Student,Active,03/23/20,0.0,0.0,0.0,0.0,0.0,0.0,0.0,0.0,0.0,0.0,0.0,0.0,0.0,0.0,0.0,0.0,0.0,0.0,0.0,0.0,0.0,0.0,0.0,0.0
week,Student,Active,03/16/20,4.25,0.93,1.02,1.0,0.6,0.6,0.32,0.0,0.0,0.0,0.0,0.0,0.0,0.0,0.0,0.0,0.0,0.0,0.0,0.0,0.0,8.72,13.65,21.98
week,Student,Active,03/09/20,3.58,2.58,1.67,0.07,0.0,0.0,0.0,0.0,0.0,0.0,0.0,0.0,0.0,0.0,0.0,0.0,0.0,0.0,0.0,0.0,0.0,7.9,12.13,14.02
week,Student,Active,03/02/20,12.47,6.75,1.67,0.95,0.58,0.53,0.72,0.57,0.48,0.72,0.77,0.78,0.13,0.73,0.3,0.55,0.0,0.0,0.0,0.0,0.0,28.7,81.5,105.08
week,Student,Active,02/24/20,6.08,2.97,0.6,0.35,0.02,0.1,0.33,0.83,0.68,0.65,0.03,0.23,0.57,0.4,0.0,0.0,0.0,0.0,0.0,0.0,0.0,13.85,90.32,53.68
week,Student,Active,02/17/20,2.95,0.22,0.02,0.08,0.12,0.08,0.18,0.08,0.0,0.0,0.0,0.0,0.0,0.0,0.0,0.0,0.0,0.0,0.0,0.0,0.0,3.73,10.55,6.8
week,Student,Active,02/10/20,27.97,9.65,4.5,2.55,1.37,0.88,0.53,0.77,0.87,1.5,0.95,1.78,0.7,0.85,0.72,0.03,0.0,0.0,0.0,0.0,0.0,55.62,124.48,179.9
week,Student,Active,02/03/20,16.63,4.98,2.58,1.73,1.07,1.37,1.0,0.87,0.83,1.33,1.33,1.18,1.42,1.82,0.62,0.13,0.0,0.0,0.0,0.0,0.0,38.9,135.97,173.68
week,Student,Active,01/27/20,5.32,4.55,2.48,0.87,1.27,0.63,0.4,0.27,0.17,0.02,0.12,0.07,0.13,0.52,0.65,0.0,0.0,0.0,0.0,0.0,0.0,17.45,84.35,62.87
week,Student,Active,01/20/20,13.15,3.87,2.12,1.5,0.92,0.88,0.77,0.78,1.35,1.47,0.75,1.33,0.88,0.7,0.58,0.62,0.42,0.25,0.0,0.0,0.0,32.33,129.33,157.3
week,Student,Active,01/13/20,3.05,4.32,2.92,2.65,2.35,1.27,1.13,1.17,0.58,0.65,1.03,0.78,0.32,0.35,0.8,1.7,0.25,0.0,0.0,0.0,0.0,25.32,32.73,152.63
week,Student,Active,01/06/20,3.07,0.77,0.05,0.17,0.0,0.0,0.0,0.0,0.0,0.0,0.0,0.0,0.0,0.0,0.0,0.0,0.0,0.0,0.0,0.0,0.0,4.05,16.38,5.42
week,Student,Active,12/30/19,0.0,0.0,0.0,0.0,0.0,0.0,0.0,0.0,0.0,0.0,0.0,0.0,0.0,0.0,0.0,0.0,0.0,0.0,0.0,0.0,0.0,0.0,0.0,0.0
week,Student,Active,12/23/19,0.0,0.0,0.0,0.0,0.0,0.0,0.0,0.0,0.0,0.0,0.0,0.0,0.0,0.0,0.0,0.0,0.0,0.0,0.0,0.0,0.0,0.0,0.0,0.0
week,Student,Active,12/16/19,0.0,0.0,0.0,0.0,0.0,0.0,0.0,0.0,0.0,0.0,0.0,0.0,0.0,0.0,0.0,0.0,0.0,0.0,0.0,0.0,0.0,0.0,0.0,0.0
week,Student,Active,12/09/19,7.25,0.0,0.0,0.0,0.0,0.0,0.0,0.0,0.0,0.0,0.0,0.0,0.0,0.0,0.0,0.0,0.0,0.0,0.0,0.0,0.0,7.25,7.72,7.25
week,Student,Active,12/02/19,0.6,1.4,1.83,0.0,0.0,0.0,0.0,0.0,0.0,0.0,0.0,0.0,0.0,0.0,0.0,0.0,0.0,0.0,0.0,0.0,0.0,3.83,12.23,8.9
week,Student,Active,11/25/19,2.88,2.25,1.8,0.65,0.23,0.75,0.67,0.0,0.0,0.0,0.0,0.0,0.0,0.0,0.0,0.0,0.0,0.0,0.0,0.0,0.0,9.23,26.13,25.72
week,Student,Active,11/18/19,2.9,0.92,0.38,0.77,0.0,0.0,0.0,0.0,0.0,0.0,0.0,0.0,0.0,0.0,0.0,0.0,0.0,0.0,0.0,0.0,0.0,4.97,8.18,8.95
week,Student,Active,11/11/19,38.3,5.52,3.4,3.1,1.62,2.87,2.58,4.57,4.52,0.0,0.0,0.0,0.0,0.0,0.0,0.0,0.0,0.0,0.0,0.0,0.0,66.47,107.88,192.48
week,Student,Active,11/04/19,9.23,2.67,1.77,3.25,1.42,1.13,3.62,7.18,2.73,0.1,0.0,0.0,0.0,0.0,0.0,0.0,0.0,0.0,0.0,0.0,0.0,33.1,68.48,155.13
week,Student,Active,10/28/19,5.4,3.78,3.2,1.12,1.38,1.58,2.47,0.22,0.0,0.0,0.0,0.0,0.0,0.0,0.0,0.0,0.0,0.0,0.0,0.0,0.0,19.15,33.5,62.45
week,Student,Active,10/21/19,16.98,6.23,3.87,3.22,2.57,0.42,0.65,0.8,0.12,0.0,0.0,0.0,0.0,0.0,0.0,0.0,0.0,0.0,0.0,0.0,0.0,34.85,65.68,81.25
week,Student,All,03/01/21,1.75,0.0,0.0,0.0,0.0,0.0,0.0,0.0,0.0,0.0,0.0,0.0,0.0,0.0,0.0,0.0,0.0,0.0,0.0,0.0,0.0,1.75,2.47,1.75
week,Student,All,02/22/21,8.83,18.37,3.65,1.83,1.13,1.47,0.12,0.63,0.97,0.0,0.0,0.0,0.0,0.0,0.0,0.0,0.0,0.0,0.0,0.0,0.0,37.0,62.32,92.9
week,Student,All,02/15/21,16.48,7.6,6.83,11.23,16.75,2.48,0.82,1.18,0.33,1.3,3.97,3.3,0.0,0.0,0.0,0.0,0.0,0.0,0.0,0.0,0.0,72.28,98.62,310.18
week,Student,All,02/08/21,22.23,9.08,1.27,2.37,1.9,0.37,0.87,0.25,0.0,0.0,0.0,0.0,0.0,0.0,0.0,0.0,0.0,0.0,0.0,0.0,0.0,38.33,66.75,73.43
week,Student,All,02/01/21,10.25,1.7,1.82,1.33,0.08,0.02,0.02,0.1,0.35,0.0,0.0,0.0,0.0,0.0,0.0,0.0,0.0,0.0,0.0,0.0,0.0,15.67,26.15,29.02
week,Student,All,01/25/21,0.0,0.0,0.0,0.0,0.0,0.0,0.0,0.0,0.0,0.0,0.0,0.0,0.0,0.0,0.0,0.0,0.0,0.0,0.0,0.0,0.0,0.0,0.0,0.0
week,Student,All,01/18/21,0.0,0.0,0.0,0.0,0.0,0.0,0.0,0.0,0.0,0.0,0.0,0.0,0.0,0.0,0.0,0.0,0.0,0.0,0.0,0.0,0.0,0.0,0.0,0.0
week,Student,All,01/11/21,0.0,0.0,0.0,0.0,0.0,0.0,0.0,0.0,0.0,0.0,0.0,0.0,0.0,0.0,0.0,0.0,0.0,0.0,0.0,0.0,0.0,0.0,0.0,0.0
week,Student,All,01/04/21,0.0,0.0,0.0,0.0,0.0,0.0,0.0,0.0,0.0,0.0,0.0,0.0,0.0,0.0,0.0,0.0,0.0,0.0,0.0,0.0,0.0,0.0,0.0,0.0
week,Student,All,12/28/20,0.0,0.0,0.0,0.0,0.0,0.0,0.0,0.0,0.0,0.0,0.0,0.0,0.0,0.0,0.0,0.0,0.0,0.0,0.0,0.0,0.0,0.0,0.0,0.0
week,Student,All,12/21/20,0.0,9.28,0.0,0.0,0.0,0.0,0.0,0.0,0.0,0.0,0.0,0.0,0.0,0.0,0.0,0.0,0.0,0.0,0.0,0.0,0.0,9.28,9.3,18.57
week,Student,All,12/14/20,6.67,4.35,0.0,0.0,0.0,0.0,0.0,0.0,0.0,0.0,0.0,0.0,0.0,0.0,0.0,0.0,0.0,0.0,0.0,0.0,0.0,11.02,45.63,15.37
week,Student,All,12/07/20,27.82,5.05,18.6,2.72,0.38,1.22,0.83,2.13,2.62,1.52,0.0,0.0,0.0,0.0,0.0,0.0,0.0,0.0,0.0,0.0,0.0,62.88,145.98,175.42
week,Student,All,11/30/20,6.38,18.08,20.0,4.5,0.58,0.75,0.97,1.47,1.8,1.17,2.22,0.0,0.0,0.0,0.0,0.0,0.0,0.0,0.0,0.0,0.0,57.92,138.07,198.72
week,Student,All,11/23/20,8.23,36.15,4.77,20.83,4.93,1.23,0.83,0.63,1.22,1.33,1.15,2.28,0.0,0.0,0.0,0.0,0.0,0.0,0.0,0.0,0.0,83.6,86.72,285.47
week,Student,All,11/16/20,9.58,22.95,0.17,0.12,0.1,0.0,0.0,0.0,0.0,0.0,0.0,0.0,0.0,0.0,0.0,0.0,0.0,0.0,0.0,0.0,0.0,32.92,104.87,56.95
week,Student,All,11/09/20,5.28,42.25,16.45,4.97,3.88,0.75,0.75,1.3,1.3,0.98,0.78,0.95,0.0,0.0,0.0,0.0,0.0,0.0,0.0,0.0,0.0,79.65,107.92,240.12
week,Student,All,11/02/20,52.67,4.45,19.58,22.97,4.7,0.55,19.02,1.83,0.93,3.15,4.43,0.3,0.0,0.0,0.0,0.0,0.0,0.0,0.0,0.0,0.0,134.58,143.42,479.03
week,Student,All,10/26/20,0.0,0.0,0.0,0.0,0.0,0.0,0.0,0.0,0.0,0.0,0.0,0.0,0.0,0.0,0.0,0.0,0.0,0.0,0.0,0.0,0.0,0.0,0.0,0.0
week,Student,All,10/19/20,4.8,1.65,23.23,0.97,0.22,1.73,2.85,1.68,0.45,0.73,1.4,0.0,0.0,0.0,0.0,0.0,0.0,0.0,0.0,0.0,0.0,39.72,110.65,153.35
week,Student,All,10/12/20,20.35,6.0,7.87,2.73,0.6,0.75,0.42,0.35,0.57,0.98,0.32,0.83,0.0,0.0,0.0,0.0,0.0,0.0,0.0,0.0,0.0,41.77,81.67,108.52
week,Student,All,10/05/20,0.78,2.05,18.67,30.03,0.22,0.27,3.35,0.83,0.43,0.4,1.13,4.28,5.05,0.0,0.0,0.0,0.0,0.0,0.0,0.0,0.0,67.5,142.5,351.23
week,Student,All,09/28/20,2.48,3.73,16.68,2.63,0.05,2.4,36.98,0.2,0.45,0.55,0.73,1.87,0.83,0.0,0.0,0.0,0.0,0.0,0.0,0.0,0.0,69.6,77.45,396.52
week,Student,All,09/21/20,4.57,1.33,0.12,0.7,0.02,0.03,0.03,0.23,0.0,0.02,0.05,0.55,0.2,0.0,0.0,0.0,0.0,0.0,0.0,0.0,0.0,7.85,18.77,22.68
week,Student,All,09/14/20,0.8,4.45,7.02,4.63,0.42,0.97,0.63,0.63,0.82,0.63,0.32,0.48,0.62,0.0,0.0,0.0,0.0,0.0,0.0,0.0,0.0,22.42,34.57,97.65
week,Student,All,09/07/20,10.35,3.28,42.12,3.73,0.6,0.88,1.62,0.55,0.25,0.17,1.13,1.2,4.68,1.15,0.0,0.0,0.0,0.0,0.0,0.0,0.0,71.72,101.82,289.98
week,Student,All,08/31/20,4.9,18.42,47.2,0.15,0.23,18.23,0.5,0.5,1.13,2.38,9.33,0.0,0.0,0.0,0.0,0.0,0.0,0.0,0.0,0.0,0.0,102.98,123.98,438.7
week,Student,All,08/24/20,12.7,3.58,38.17,6.47,0.85,0.92,4.55,1.1,0.35,0.1,0.03,0.0,0.0,0.0,0.0,0.0,0.0,0.0,0.0,0.0,0.0,68.82,87.42,215.15
week,Student,All,08/17/20,11.08,2.08,0.73,2.73,4.18,0.3,4.95,0.65,0.72,0.8,0.57,0.62,1.2,0.43,0.18,0.0,0.0,0.0,0.0,0.0,0.0,31.23,44.13,143.45
week,Student,All,08/10/20,25.73,21.77,1.6,0.02,0.17,0.17,0.1,0.12,0.92,0.05,0.0,0.0,0.0,0.0,0.0,0.0,0.0,0.0,0.0,0.0,0.0,50.63,81.4,86.35
week,Student,All,08/03/20,9.58,15.52,5.08,18.47,2.77,0.9,1.55,1.28,1.15,2.32,1.32,1.9,1.37,4.33,0.0,0.0,0.0,0.0,0.0,0.0,0.0,67.53,98.17,319.32
week,Student,All,07/27/20,68.17,4.37,0.12,1.33,1.47,0.32,0.1,0.12,0.03,0.17,0.03,0.08,0.22,0.32,0.0,0.0,0.0,0.0,0.0,0.0,0.0,76.83,150.38,104.03
week,Student,All,07/20/20,83.55,2.08,1.78,0.93,0.12,9.97,0.07,0.15,0.3,0.03,0.05,0.07,0.08,0.88,0.0,0.0,0.0,0.0,0.0,0.0,0.0,100.07,111.22,176.68
week,Student,All,07/13/20,0.0,0.0,0.0,0.0,0.0,0.0,0.0,0.0,0.0,0.0,0.0,0.0,0.0,0.0,0.0,0.0,0.0,0.0,0.0,0.0,0.0,0.0,0.0,0.0
week,Student,All,07/06/20,0.0,0.0,0.0,0.0,0.0,0.0,0.0,0.0,0.0,0.0,0.0,0.0,0.0,0.0,0.0,0.0,0.0,0.0,0.0,0.0,0.0,0.0,0.0,0.0
week,Student,All,06/29/20,0.0,0.0,0.0,0.0,0.0,0.0,0.0,0.0,0.0,0.0,0.0,0.0,0.0,0.0,0.0,0.0,0.0,0.0,0.0,0.0,0.0,0.0,0.0,0.0
week,Student,All,06/22/20,0.0,0.0,0.0,0.0,0.0,0.0,0.0,0.0,0.0,0.0,0.0,0.0,0.0,0.0,0.0,0.0,0.0,0.0,0.0,0.0,0.0,0.0,0.0,0.0
week,Student,All,06/15/20,0.0,0.0,0.0,0.0,0.0,0.0,0.0,0.0,0.0,0.0,0.0,0.0,0.0,0.0,0.0,0.0,0.0,0.0,0.0,0.0,0.0,0.0,0.0,0.0
week,Student,All,06/08/20,0.0,0.0,0.0,0.0,0.0,0.0,0.0,0.0,0.0,0.0,0.0,0.0,0.0,0.0,0.0,0.0,0.0,0.0,0.0,0.0,0.0,0.0,0.0,0.0
week,Student,All,06/01/20,0.0,0.0,0.0,0.0,0.0,0.0,0.0,0.0,0.0,0.0,0.0,0.0,0.0,0.0,0.0,0.0,0.0,0.0,0.0,0.0,0.0,0.0,0.0,0.0
week,Student,All,05/25/20,0.0,0.0,0.0,0.0,0.0,0.0,0.0,0.0,0.0,0.0,0.0,0.0,0.0,0.0,0.0,0.0,0.0,0.0,0.0,0.0,0.0,0.0,0.0,0.0
week,Student,All,05/18/20,0.0,0.0,0.0,0.0,0.0,0.0,0.0,0.0,0.0,0.0,0.0,0.0,0.0,0.0,0.0,0.0,0.0,0.0,0.0,0.0,0.0,0.0,0.0,0.0
week,Student,All,05/11/20,0.0,0.0,0.0,0.0,0.0,0.0,0.0,0.0,0.0,0.0,0.0,0.0,0.0,0.0,0.0,0.0,0.0,0.0,0.0,0.0,0.0,0.0,0.0,0.0
week,Student,All,05/04/20,0.0,0.0,0.0,0.0,0.0,0.0,0.0,0.0,0.0,0.0,0.0,0.0,0.0,0.0,0.0,0.0,0.0,0.0,0.0,0.0,0.0,0.0,0.0,0.0
week,Student,All,04/27/20,0.0,0.0,0.0,0.0,0.0,0.0,0.0,0.0,0.0,0.0,0.0,0.0,0.0,0.0,0.0,0.0,0.0,0.0,0.0,0.0,0.0,0.0,0.0,0.0
week,Student,All,04/20/20,0.0,0.0,0.0,0.0,0.0,0.0,0.0,0.0,0.0,0.0,0.0,0.0,0.0,0.0,0.0,0.0,0.0,0.0,0.0,0.0,0.0,0.0,0.0,0.0
week,Student,All,04/13/20,0.0,0.0,0.0,0.0,0.0,0.0,0.0,0.0,0.0,0.0,0.0,0.0,0.0,0.0,0.0,0.0,0.0,0.0,0.0,0.0,0.0,0.0,0.0,0.0
week,Student,All,04/06/20,0.0,0.0,0.0,0.0,0.0,0.0,0.0,0.0,0.0,0.0,0.0,0.0,0.0,0.0,0.0,0.0,0.0,0.0,0.0,0.0,0.0,0.0,0.0,0.0
week,Student,All,03/30/20,0.0,0.0,0.0,0.0,0.0,0.0,0.0,0.0,0.0,0.0,0.0,0.0,0.0,0.0,0.0,0.0,0.0,0.0,0.0,0.0,0.0,0.0,0.0,0.0
week,Student,All,03/23/20,0.0,0.0,0.0,0.0,0.0,0.0,0.0,0.0,0.0,0.0,0.0,0.0,0.0,0.0,0.0,0.0,0.0,0.0,0.0,0.0,0.0,0.0,0.0,0.0
week,Student,All,03/16/20,5.78,1.0,1.17,0.07,1.87,0.42,0.72,0.0,0.0,0.0,0.0,0.0,0.0,0.0,0.0,0.0,0.0,0.0,0.0,0.0,0.0,11.02,13.65,28.4
week,Student,All,03/09/20,1.95,2.62,4.47,1.43,0.0,0.0,0.0,0.0,0.0,0.0,0.0,0.0,0.0,0.0,0.0,0.0,0.0,0.0,0.0,0.0,0.0,10.47,12.13,26.32
week,Student,All,03/02/20,8.45,2.6,0.02,0.77,0.5,3.88,14.98,0.92,0.47,18.73,1.25,0.8,2.9,0.85,0.17,0.65,0.9,0.0,0.0,0.0,0.0,58.83,81.5,447.47
week,Student,All,02/24/20,27.08,5.33,0.6,0.1,0.32,0.07,0.13,0.52,0.55,1.18,0.12,0.03,0.17,0.63,0.03,0.4,0.0,0.0,0.0,0.0,0.0,37.27,90.32,83.4
week,Student,All,02/17/20,4.7,0.23,0.02,0.03,0.0,0.0,0.0,0.48,0.0,0.12,0.08,0.0,0.0,0.0,0.0,0.0,0.0,0.0,0.0,0.0,0.0,5.67,10.55,11.3
week,Student,All,02/10/20,8.55,2.63,15.47,3.73,8.88,2.52,3.17,1.9,4.52,19.98,4.28,0.9,1.38,1.43,1.08,0.67,0.0,0.0,0.0,0.0,0.0,81.1,124.48,535.4
week,Student,All,02/03/20,11.98,12.85,1.07,0.68,8.0,15.78,25.42,11.1,1.35,1.12,2.68,0.88,1.33,2.27,4.12,0.53,0.0,0.0,0.0,0.0,0.0,101.17,135.97,627.82
week,Student,All,01/27/20,3.22,0.47,8.97,1.97,1.42,16.48,0.42,1.65,3.82,1.05,0.1,0.05,0.13,0.42,0.8,0.0,0.0,0.0,0.0,0.0,0.0,40.95,84.35,227.13
week,Student,All,01/20/20,1.95,12.53,1.57,1.45,2.37,2.15,1.18,0.73,6.15,1.82,1.57,5.28,1.12,0.77,1.1,1.1,0.58,0.45,0.0,0.0,0.0,43.87,129.33,307.92
week,Student,All,01/13/20,3.57,2.07,1.7,2.28,1.53,1.78,2.0,1.2,2.62,0.75,0.73,1.82,0.58,1.4,1.42,2.52,0.4,0.0,0.0,0.0,0.0,28.37,32.73,220.32
week,Student,All,01/06/20,9.62,0.4,0.25,0.02,0.0,0.0,0.02,0.02,0.0,0.02,0.22,0.62,0.0,0.0,0.0,0.0,0.0,0.0,0.0,0.0,0.0,11.17,16.38,21.43
week,Student,All,12/30/19,0.0,0.0,0.0,0.0,0.0,0.0,0.0,0.0,0.0,0.0,0.0,0.0,0.0,0.0,0.0,0.0,0.0,0.0,0.0,0.0,0.0,0.0,0.0,0.0
week,Student,All,12/23/19,0.0,0.0,0.0,0.0,0.0,0.0,0.0,0.0,0.0,0.0,0.0,0.0,0.0,0.0,0.0,0.0,0.0,0.0,0.0,0.0,0.0,0.0,0.0,0.0
week,Student,All,12/16/19,0.0,0.0,0.0,0.0,0.0,0.0,0.0,0.0,0.0,0.0,0.0,0.0,0.0,0.0,0.0,0.0,0.0,0.0,0.0,0.0,0.0,0.0,0.0,0.0
week,Student,All,12/09/19,7.47,0.0,0.0,0.0,0.0,0.0,0.0,0.0,0.0,0.0,0.0,0.0,0.0,0.0,0.0,0.0,0.0,0.0,0.0,0.0,0.0,7.47,7.72,7.47
week,Student,All,12/02/19,0.07,0.05,11.67,0.0,0.0,0.0,0.0,0.0,0.0,0.0,0.0,0.0,0.0,0.0,0.0,0.0,0.0,0.0,0.0,0.0,0.0,11.78,12.23,35.17
week,Student,All,11/25/19,13.95,4.2,1.92,0.88,0.15,0.52,0.98,0.0,0.0,0.0,0.0,0.0,0.0,0.0,0.0,0.0,0.0,0.0,0.0,0.0,0.0,22.6,26.13,42.37
week,Student,All,11/18/19,1.28,2.52,0.4,0.78,0.0,0.0,0.0,0.0,0.0,0.0,0.0,0.0,0.0,0.0,0.0,0.0,0.0,0.0,0.0,0.0,0.0,4.98,8.18,10.65
week,Student,All,11/11/19,1.63,20.4,1.32,3.33,2.18,4.5,9.78,15.17,32.03,0.0,0.0,0.0,0.0,0.0,0.0,0.0,0.0,0.0,0.0,0.0,0.0,90.35,107.88,575.75
week,Student,All,11/04/19,8.58,12.52,7.95,2.12,3.63,15.57,2.83,7.55,4.35,0.07,0.1,0.0,0.0,0.0,0.0,0.0,0.0,0.0,0.0,0.0,0.0,65.27,68.48,298.65
week,Student,All,10/28/19,7.37,2.93,3.33,8.88,1.93,1.37,3.38,0.32,0.0,0.0,0.0,0.0,0.0,0.0,0.0,0.0,0.0,0.0,0.0,0.0,0.0,29.52,33.5,102.85
week,Student,All,10/21/19,9.67,10.35,10.0,8.42,13.38,3.72,2.13,1.22,0.13,0.0,0.0,0.0,0.0,0.0,0.0,0.0,0.0,0.0,0.0,0.0,0.0,59.02,65.68,209.12
week,Teacher,Active,03/01/21,0.0,0.0,0.0,0.0,0.0,0.0,0.0,0.0,0.0,0.0,0.0,0.0,0.0,0.0,0.0,0.0,0.0,0.0,0.0,0.0,0.0,0.0,2.47,0.0
week,Teacher,Active,02/22/21,0.0,0.0,0.0,0.0,0.0,0.0,0.0,0.0,0.0,0.0,0.0,0.0,0.0,0.0,0.0,0.0,0.0,0.0,0.0,0.0,0.0,0.0,62.32,0.0
week,Teacher,Active,02/15/21,0.0,0.0,0.0,0.0,0.0,0.0,0.0,0.0,0.0,0.0,0.0,0.0,0.0,0.0,0.0,0.0,0.0,0.0,0.0,0.0,0.0,0.0,98.62,0.0
week,Teacher,Active,02/08/21,0.0,0.0,0.0,0.0,0.0,0.0,0.0,0.0,0.0,0.0,0.0,0.0,0.0,0.0,0.0,0.0,0.0,0.0,0.0,0.0,0.0,0.0,66.75,0.0
week,Teacher,Active,02/01/21,0.0,0.0,0.0,0.0,0.0,0.0,0.0,0.0,0.0,0.0,0.0,0.0,0.0,0.0,0.0,0.0,0.0,0.0,0.0,0.0,0.0,0.0,26.15,0.0
week,Teacher,Active,01/25/21,0.0,0.0,0.0,0.0,0.0,0.0,0.0,0.0,0.0,0.0,0.0,0.0,0.0,0.0,0.0,0.0,0.0,0.0,0.0,0.0,0.0,0.0,0.0,0.0
week,Teacher,Active,01/18/21,0.0,0.0,0.0,0.0,0.0,0.0,0.0,0.0,0.0,0.0,0.0,0.0,0.0,0.0,0.0,0.0,0.0,0.0,0.0,0.0,0.0,0.0,0.0,0.0
week,Teacher,Active,01/11/21,0.0,0.0,0.0,0.0,0.0,0.0,0.0,0.0,0.0,0.0,0.0,0.0,0.0,0.0,0.0,0.0,0.0,0.0,0.0,0.0,0.0,0.0,0.0,0.0
week,Teacher,Active,01/04/21,0.0,0.0,0.0,0.0,0.0,0.0,0.0,0.0,0.0,0.0,0.0,0.0,0.0,0.0,0.0,0.0,0.0,0.0,0.0,0.0,0.0,0.0,0.0,0.0
week,Teacher,Active,12/28/20,0.0,0.0,0.0,0.0,0.0,0.0,0.0,0.0,0.0,0.0,0.0,0.0,0.0,0.0,0.0,0.0,0.0,0.0,0.0,0.0,0.0,0.0,0.0,0.0
week,Teacher,Active,12/21/20,0.0,0.0,0.0,0.0,0.0,0.0,0.0,0.0,0.0,0.0,0.0,0.0,0.0,0.0,0.0,0.0,0.0,0.0,0.0,0.0,0.0,0.0,9.3,0.0
week,Teacher,Active,12/14/20,4.28,0.53,0.0,0.0,0.0,0.0,0.0,0.0,0.0,0.0,0.0,0.0,0.0,0.0,0.0,0.0,0.0,0.0,0.0,0.0,0.0,4.82,45.63,5.35
week,Teacher,Active,12/07/20,3.87,0.0,0.0,0.0,0.0,0.0,0.0,0.0,0.0,0.0,0.0,0.0,0.0,0.0,0.0,0.0,0.0,0.0,0.0,0.0,0.0,3.87,145.98,3.87
week,Teacher,Active,11/30/20,4.07,0.0,0.0,0.0,0.0,0.0,0.0,0.0,0.0,0.0,0.0,0.0,0.0,0.0,0.0,0.0,0.0,0.0,0.0,0.0,0.0,4.07,138.07,4.07
week,Teacher,Active,11/23/20,0.0,0.0,0.0,0.0,0.0,0.0,0.0,0.0,0.0,0.0,0.0,0.0,0.0,0.0,0.0,0.0,0.0,0.0,0.0,0.0,0.0,0.0,86.72,0.0
week,Teacher,Active,11/16/20,0.12,2.42,0.62,0.0,0.0,0.0,0.0,0.0,0.0,0.0,0.0,0.0,0.0,0.0,0.0,0.0,0.0,0.0,0.0,0.0,0.0,3.15,104.87,6.8
week,Teacher,Active,11/09/20,1.3,0.0,0.0,0.0,0.0,0.0,0.0,0.0,0.0,0.0,0.0,0.0,0.0,0.0,0.0,0.0,0.0,0.0,0.0,0.0,0.0,1.3,107.92,1.3
week,Teacher,Active,11/02/20,5.22,0.0,0.0,0.0,0.0,0.0,0.0,0.0,0.0,0.0,0.0,0.0,0.0,0.0,0.0,0.0,0.0,0.0,0.0,0.0,0.0,5.22,143.42,5.22
week,Teacher,Active,10/26/20,0.0,0.0,0.0,0.0,0.0,0.0,0.0,0.0,0.0,0.0,0.0,0.0,0.0,0.0,0.0,0.0,0.0,0.0,0.0,0.0,0.0,0.0,0.0,0.0
week,Teacher,Active,10/19/20,3.63,0.0,0.0,0.0,0.0,0.0,0.0,0.0,0.0,0.0,0.0,0.0,0.0,0.0,0.0,0.0,0.0,0.0,0.0,0.0,0.0,3.63,110.65,3.63
week,Teacher,Active,10/12/20,1.45,0.0,0.0,0.0,0.0,0.0,0.0,0.0,0.0,0.0,0.0,0.0,0.0,0.0,0.0,0.0,0.0,0.0,0.0,0.0,0.0,1.45,81.67,1.45
week,Teacher,Active,10/05/20,0.52,0.0,0.0,0.0,0.0,0.0,0.0,0.0,0.0,0.0,0.0,0.0,0.0,0.0,0.0,0.0,0.0,0.0,0.0,0.0,0.0,0.52,142.5,0.52
week,Teacher,Active,09/28/20,0.0,0.0,0.0,0.0,0.0,0.0,0.0,0.0,0.0,0.0,0.0,0.0,0.0,0.0,0.0,0.0,0.0,0.0,0.0,0.0,0.0,0.0,77.45,0.0
week,Teacher,Active,09/21/20,0.0,0.0,0.0,0.0,0.0,0.0,0.0,0.0,0.0,0.0,0.0,0.0,0.0,0.0,0.0,0.0,0.0,0.0,0.0,0.0,0.0,0.0,18.77,0.0
week,Teacher,Active,09/14/20,0.27,0.0,0.0,0.0,0.0,0.0,0.0,0.0,0.0,0.0,0.0,0.0,0.0,0.0,0.0,0.0,0.0,0.0,0.0,0.0,0.0,0.27,34.57,0.27
week,Teacher,Active,09/07/20,3.3,0.0,0.0,0.0,0.0,0.0,0.0,0.0,0.0,0.0,0.0,0.0,0.0,0.0,0.0,0.0,0.0,0.0,0.0,0.0,0.0,3.3,101.82,3.3
week,Teacher,Active,08/31/20,0.0,0.0,0.0,0.0,0.0,0.0,0.0,0.0,0.0,0.0,0.0,0.0,0.0,0.0,0.0,0.0,0.0,0.0,0.0,0.0,0.0,0.0,123.98,0.0
week,Teacher,Active,08/24/20,1.03,0.0,0.0,0.0,0.0,0.0,0.0,0.0,0.0,0.0,0.0,0.0,0.0,0.0,0.0,0.0,0.0,0.0,0.0,0.0,0.0,1.03,87.42,1.03
week,Teacher,Active,08/17/20,5.23,0.0,0.0,0.0,0.0,0.0,0.0,0.0,0.0,0.0,0.0,0.0,0.0,0.0,0.0,0.0,0.0,0.0,0.0,0.0,0.0,5.23,44.13,5.23
week,Teacher,Active,08/10/20,24.85,0.2,0.0,0.0,0.0,0.0,0.0,0.0,0.0,0.0,0.0,0.0,0.0,0.0,0.0,0.0,0.0,0.0,0.0,0.0,0.0,25.05,81.4,25.25
week,Teacher,Active,08/03/20,5.18,0.0,0.0,0.0,0.0,0.0,0.0,0.0,0.0,0.0,0.0,0.0,0.0,0.0,0.0,0.0,0.0,0.0,0.0,0.0,0.0,5.18,98.17,5.18
week,Teacher,Active,07/27/20,35.0,0.0,0.0,0.0,0.0,0.0,0.0,0.0,0.0,0.0,0.0,0.0,0.0,0.0,0.0,0.0,0.0,0.0,0.0,0.0,0.0,35.0,150.38,35.0
week,Teacher,Active,07/20/20,11.67,0.0,0.0,0.0,0.0,0.0,0.0,0.0,0.0,0.0,0.0,0.0,0.0,0.0,0.0,0.0,0.0,0.0,0.0,0.0,0.0,11.67,111.22,11.67
week,Teacher,Active,07/13/20,0.0,0.0,0.0,0.0,0.0,0.0,0.0,0.0,0.0,0.0,0.0,0.0,0.0,0.0,0.0,0.0,0.0,0.0,0.0,0.0,0.0,0.0,0.0,0.0
week,Teacher,Active,07/06/20,0.0,0.0,0.0,0.0,0.0,0.0,0.0,0.0,0.0,0.0,0.0,0.0,0.0,0.0,0.0,0.0,0.0,0.0,0.0,0.0,0.0,0.0,0.0,0.0
week,Teacher,Active,06/29/20,0.0,0.0,0.0,0.0,0.0,0.0,0.0,0.0,0.0,0.0,0.0,0.0,0.0,0.0,0.0,0.0,0.0,0.0,0.0,0.0,0.0,0.0,0.0,0.0
week,Teacher,Active,06/22/20,0.0,0.0,0.0,0.0,0.0,0.0,0.0,0.0,0.0,0.0,0.0,0.0,0.0,0.0,0.0,0.0,0.0,0.0,0.0,0.0,0.0,0.0,0.0,0.0
week,Teacher,Active,06/15/20,0.0,0.0,0.0,0.0,0.0,0.0,0.0,0.0,0.0,0.0,0.0,0.0,0.0,0.0,0.0,0.0,0.0,0.0,0.0,0.0,0.0,0.0,0.0,0.0
week,Teacher,Active,06/08/20,0.0,0.0,0.0,0.0,0.0,0.0,0.0,0.0,0.0,0.0,0.0,0.0,0.0,0.0,0.0,0.0,0.0,0.0,0.0,0.0,0.0,0.0,0.0,0.0
week,Teacher,Active,06/01/20,0.0,0.0,0.0,0.0,0.0,0.0,0.0,0.0,0.0,0.0,0.0,0.0,0.0,0.0,0.0,0.0,0.0,0.0,0.0,0.0,0.0,0.0,0.0,0.0
week,Teacher,Active,05/25/20,0.0,0.0,0.0,0.0,0.0,0.0,0.0,0.0,0.0,0.0,0.0,0.0,0.0,0.0,0.0,0.0,0.0,0.0,0.0,0.0,0.0,0.0,0.0,0.0
week,Teacher,Active,05/18/20,0.0,0.0,0.0,0.0,0.0,0.0,0.0,0.0,0.0,0.0,0.0,0.0,0.0,0.0,0.0,0.0,0.0,0.0,0.0,0.0,0.0,0.0,0.0,0.0
week,Teacher,Active,05/11/20,0.0,0.0,0.0,0.0,0.0,0.0,0.0,0.0,0.0,0.0,0.0,0.0,0.0,0.0,0.0,0.0,0.0,0.0,0.0,0.0,0.0,0.0,0.0,0.0
week,Teacher,Active,05/04/20,0.0,0.0,0.0,0.0,0.0,0.0,0.0,0.0,0.0,0.0,0.0,0.0,0.0,0.0,0.0,0.0,0.0,0.0,0.0,0.0,0.0,0.0,0.0,0.0
week,Teacher,Active,04/27/20,0.0,0.0,0.0,0.0,0.0,0.0,0.0,0.0,0.0,0.0,0.0,0.0,0.0,0.0,0.0,0.0,0.0,0.0,0.0,0.0,0.0,0.0,0.0,0.0
week,Teacher,Active,04/20/20,0.0,0.0,0.0,0.0,0.0,0.0,0.0,0.0,0.0,0.0,0.0,0.0,0.0,0.0,0.0,0.0,0.0,0.0,0.0,0.0,0.0,0.0,0.0,0.0
week,Teacher,Active,04/13/20,0.0,0.0,0.0,0.0,0.0,0.0,0.0,0.0,0.0,0.0,0.0,0.0,0.0,0.0,0.0,0.0,0.0,0.0,0.0,0.0,0.0,0.0,0.0,0.0
week,Teacher,Active,04/06/20,0.0,0.0,0.0,0.0,0.0,0.0,0.0,0.0,0.0,0.0,0.0,0.0,0.0,0.0,0.0,0.0,0.0,0.0,0.0,0.0,0.0,0.0,0.0,0.0
week,Teacher,Active,03/30/20,0.0,0.0,0.0,0.0,0.0,0.0,0.0,0.0,0.0,0.0,0.0,0.0,0.0,0.0,0.0,0.0,0.0,0.0,0.0,0.0,0.0,0.0,0.0,0.0
week,Teacher,Active,03/23/20,0.0,0.0,0.0,0.0,0.0,0.0,0.0,0.0,0.0,0.0,0.0,0.0,0.0,0.0,0.0,0.0,0.0,0.0,0.0,0.0,0.0,0.0,0.0,0.0
week,Teacher,Active,03/16/20,3.67,0.37,0.0,0.0,0.0,0.0,0.0,0.0,0.0,0.0,0.0,0.0,0.0,0.0,0.0,0.0,0.0,0.0,0.0,0.0,0.0,4.03,13.65,4.4
week,Teacher,Active,03/09/20,0.0,0.0,0.0,0.0,0.0,0.0,0.0,0.0,0.0,0.0,0.0,0.0,0.0,0.0,0.0,0.0,0.0,0.0,0.0,0.0,0.0,0.0,12.13,0.0
week,Teacher,Active,03/02/20,20.73,0.0,0.0,0.0,0.0,0.0,0.0,0.0,0.0,0.0,0.0,0.0,0.0,0.0,0.0,0.0,0.0,0.0,0.0,0.0,0.0,20.73,81.5,20.73
week,Teacher,Active,02/24/20,2.4,0.0,0.0,0.0,0.0,0.0,0.0,0.0,0.0,0.0,0.0,0.0,0.0,0.0,0.0,0.0,0.0,0.0,0.0,0.0,0.0,2.4,90.32,2.4
week,Teacher,Active,02/17/20,0.07,0.0,0.0,0.0,0.0,0.0,0.0,0.0,0.0,0.0,0.0,0.0,0.0,0.0,0.0,0.0,0.0,0.0,0.0,0.0,0.0,0.07,10.55,0.07
week,Teacher,Active,02/10/20,33.53,0.0,0.0,0.0,0.0,0.0,0.0,0.0,0.0,0.0,0.0,0.0,0.0,0.0,0.0,0.0,0.0,0.0,0.0,0.0,0.0,33.53,124.48,33.53
week,Teacher,Active,02/03/20,12.92,4.07,0.0,0.0,0.0,0.0,0.0,0.0,0.0,0.0,0.0,0.0,0.0,0.0,0.0,0.0,0.0,0.0,0.0,0.0,0.0,16.98,135.97,21.05
week,Teacher,Active,01/27/20,3.67,4.23,0.0,0.0,0.0,0.0,0.0,0.0,0.0,0.0,0.0,0.0,0.0,0.0,0.0,0.0,0.0,0.0,0.0,0.0,0.0,7.9,84.35,12.13
week,Teacher,Active,01/20/20,15.83,0.6,0.0,0.0,0.0,0.0,0.0,0.0,0.0,0.0,0.0,0.0,0.0,0.0,0.0,0.0,0.0,0.0,0.0,0.0,0.0,16.43,129.33,17.03
week,Teacher,Active,01/13/20,2.88,0.0,0.0,0.0,0.0,0.0,0.0,0.0,0.0,0.0,0.0,0.0,0.0,0.0,0.0,0.0,0.0,0.0,0.0,0.0,0.0,2.88,32.73,2.88
week,Teacher,Active,01/06/20,3.02,1.43,0.05,0.0,0.0,0.0,0.0,0.0,0.0,0.0,0.0,0.0,0.0,0.0,0.0,0.0,0.0,0.0,0.0,0.0,0.0,4.5,16.38,6.03
week,Teacher,Active,12/30/19,0.0,0.0,0.0,0.0,0.0,0.0,0.0,0.0,0.0,0.0,0.0,0.0,0.0,0.0,0.0,0.0,0.0,0.0,0.0,0.0,0.0,0.0,0.0,0.0
week,Teacher,Active,12/23/19,0.0,0.0,0.0,0.0,0.0,0.0,0.0,0.0,0.0,0.0,0.0,0.0,0.0,0.0,0.0,0.0,0.0,0.0,0.0,0.0,0.0,0.0,0.0,0.0
week,Teacher,Active,12/16/19,0.0,0.0,0.0,0.0,0.0,0.0,0.0,0.0,0.0,0.0,0.0,0.0,0.0,0.0,0.0,0.0,0.0,0.0,0.0,0.0,0.0,0.0,0.0,0.0
week,Teacher,Active,12/09/19,0.0,0.0,0.0,0.0,0.0,0.0,0.0,0.0,0.0,0.0,0.0,0.0,0.0,0.0,0.0,0.0,0.0,0.0,0.0,0.0,0.0,0.0,7.72,0.0
week,Teacher,Active,12/02/19,9.28,0.0,0.0,0.0,0.0,0.0,0.0,0.0,0.0,0.0,0.0,0.0,0.0,0.0,0.0,0.0,0.0,0.0,0.0,0.0,0.0,9.28,12.23,9.28
week,Teacher,Active,11/25/19,5.52,0.03,0.0,0.0,0.0,0.0,0.0,0.0,0.0,0.0,0.0,0.0,0.0,0.0,0.0,0.0,0.0,0.0,0.0,0.0,0.0,5.55,26.13,5.58
week,Teacher,Active,11/18/19,0.38,0.68,2.57,0.0,0.0,0.0,0.0,0.0,0.0,0.0,0.0,0.0,0.0,0.0,0.0,0.0,0.0,0.0,0.0,0.0,0.0,3.63,8.18,9.45
week,Teacher,Active,11/11/19,4.35,2.0,0.0,0.0,0.0,0.0,0.0,0.0,0.0,0.0,0.0,0.0,0.0,0.0,0.0,0.0,0.0,0.0,0.0,0.0,0.0,6.35,107.88,8.35
week,Teacher,Active,11/04/19,31.78,0.82,0.0,0.0,0.0,0.0,0.0,0.0,0.0,0.0,0.0,0.0,0.0,0.0,0.0,0.0,0.0,0.0,0.0,0.0,0.0,32.6,68.48,33.42
week,Teacher,Active,10/28/19,0.0,0.0,0.0,0.0,0.0,0.0,0.0,0.0,0.0,0.0,0.0,0.0,0.0,0.0,0.0,0.0,0.0,0.0,0.0,0.0,0.0,0.0,33.5,0.0
week,Teacher,Active,10/21/19,1.6,0.0,0.0,0.0,0.0,0.0,0.0,0.0,0.0,0.0,0.0,0.0,0.0,0.0,0.0,0.0,0.0,0.0,0.0,0.0,0.0,1.6,65.68,1.6
week,Teacher,All,03/01/21,0.0,0.0,0.0,0.0,0.0,0.0,0.0,0.0,0.0,0.0,0.0,0.0,0.0,0.0,0.0,0.0,0.0,0.0,0.0,0.0,0.0,0.0,2.47,0.0
week,Teacher,All,02/22/21,0.0,0.0,0.0,0.0,0.0,0.0,0.0,0.0,0.0,0.0,0.0,0.0,0.0,0.0,0.0,0.0,0.0,0.0,0.0,0.0,0.0,0.0,62.32,0.0
week,Teacher,All,02/15/21,0.0,0.0,0.0,0.0,0.0,0.0,0.0,0.0,0.0,0.0,0.0,0.0,0.0,0.0,0.0,0.0,0.0,0.0,0.0,0.0,0.0,0.0,98.62,0.0
week,Teacher,All,02/08/21,0.0,0.0,0.0,0.0,0.0,0.0,0.0,0.0,0.0,0.0,0.0,0.0,0.0,0.0,0.0,0.0,0.0,0.0,0.0,0.0,0.0,0.0,66.75,0.0
week,Teacher,All,02/01/21,0.0,0.0,0.0,0.0,0.0,0.0,0.0,0.0,0.0,0.0,0.0,0.0,0.0,0.0,0.0,0.0,0.0,0.0,0.0,0.0,0.0,0.0,26.15,0.0
week,Teacher,All,01/25/21,0.0,0.0,0.0,0.0,0.0,0.0,0.0,0.0,0.0,0.0,0.0,0.0,0.0,0.0,0.0,0.0,0.0,0.0,0.0,0.0,0.0,0.0,0.0,0.0
week,Teacher,All,01/18/21,0.0,0.0,0.0,0.0,0.0,0.0,0.0,0.0,0.0,0.0,0.0,0.0,0.0,0.0,0.0,0.0,0.0,0.0,0.0,0.0,0.0,0.0,0.0,0.0
week,Teacher,All,01/11/21,0.0,0.0,0.0,0.0,0.0,0.0,0.0,0.0,0.0,0.0,0.0,0.0,0.0,0.0,0.0,0.0,0.0,0.0,0.0,0.0,0.0,0.0,0.0,0.0
week,Teacher,All,01/04/21,0.0,0.0,0.0,0.0,0.0,0.0,0.0,0.0,0.0,0.0,0.0,0.0,0.0,0.0,0.0,0.0,0.0,0.0,0.0,0.0,0.0,0.0,0.0,0.0
week,Teacher,All,12/28/20,0.0,0.0,0.0,0.0,0.0,0.0,0.0,0.0,0.0,0.0,0.0,0.0,0.0,0.0,0.0,0.0,0.0,0.0,0.0,0.0,0.0,0.0,0.0,0.0
week,Teacher,All,12/21/20,0.0,0.0,0.0,0.0,0.0,0.0,0.0,0.0,0.0,0.0,0.0,0.0,0.0,0.0,0.0,0.0,0.0,0.0,0.0,0.0,0.0,0.0,9.3,0.0
week,Teacher,All,12/14/20,4.28,0.53,0.0,0.0,0.0,0.0,0.0,0.0,0.0,0.0,0.0,0.0,0.0,0.0,0.0,0.0,0.0,0.0,0.0,0.0,0.0,4.82,45.63,5.35
week,Teacher,All,12/07/20,3.87,0.0,0.0,0.0,0.0,0.0,0.0,0.0,0.0,0.0,0.0,0.0,0.0,0.0,0.0,0.0,0.0,0.0,0.0,0.0,0.0,3.87,145.98,3.87
week,Teacher,All,11/30/20,4.07,0.0,0.0,0.0,0.0,0.0,0.0,0.0,0.0,0.0,0.0,0.0,0.0,0.0,0.0,0.0,0.0,0.0,0.0,0.0,0.0,4.07,138.07,4.07
week,Teacher,All,11/23/20,0.0,0.0,0.0,0.0,0.0,0.0,0.0,0.0,0.0,0.0,0.0,0.0,0.0,0.0,0.0,0.0,0.0,0.0,0.0,0.0,0.0,0.0,86.72,0.0
week,Teacher,All,11/16/20,0.12,2.42,0.62,0.0,0.0,0.0,0.0,0.0,0.0,0.0,0.0,0.0,0.0,0.0,0.0,0.0,0.0,0.0,0.0,0.0,0.0,3.15,104.87,6.8
week,Teacher,All,11/09/20,1.3,0.0,0.0,0.0,0.0,0.0,0.0,0.0,0.0,0.0,0.0,0.0,0.0,0.0,0.0,0.0,0.0,0.0,0.0,0.0,0.0,1.3,107.92,1.3
week,Teacher,All,11/02/20,5.22,0.0,0.0,0.0,0.0,0.0,0.0,0.0,0.0,0.0,0.0,0.0,0.0,0.0,0.0,0.0,0.0,0.0,0.0,0.0,0.0,5.22,143.42,5.22
week,Teacher,All,10/26/20,0.0,0.0,0.0,0.0,0.0,0.0,0.0,0.0,0.0,0.0,0.0,0.0,0.0,0.0,0.0,0.0,0.0,0.0,0.0,0.0,0.0,0.0,0.0,0.0
week,Teacher,All,10/19/20,3.63,0.0,0.0,0.0,0.0,0.0,0.0,0.0,0.0,0.0,0.0,0.0,0.0,0.0,0.0,0.0,0.0,0.0,0.0,0.0,0.0,3.63,110.65,3.63
week,Teacher,All,10/12/20,1.45,0.0,0.0,0.0,0.0,0.0,0.0,0.0,0.0,0.0,0.0,0.0,0.0,0.0,0.0,0.0,0.0,0.0,0.0,0.0,0.0,1.45,81.67,1.45
week,Teacher,All,10/05/20,0.52,0.0,0.0,0.0,0.0,0.0,0.0,0.0,0.0,0.0,0.0,0.0,0.0,0.0,0.0,0.0,0.0,0.0,0.0,0.0,0.0,0.52,142.5,0.52
week,Teacher,All,09/28/20,0.0,0.0,0.0,0.0,0.0,0.0,0.0,0.0,0.0,0.0,0.0,0.0,0.0,0.0,0.0,0.0,0.0,0.0,0.0,0.0,0.0,0.0,77.45,0.0
week,Teacher,All,09/21/20,0.0,0.0,0.0,0.0,0.0,0.0,0.0,0.0,0.0,0.0,0.0,0.0,0.0,0.0,0.0,0.0,0.0,0.0,0.0,0.0,0.0,0.0,18.77,0.0
week,Teacher,All,09/14/20,0.27,0.0,0.0,0.0,0.0,0.0,0.0,0.0,0.0,0.0,0.0,0.0,0.0,0.0,0.0,0.0,0.0,0.0,0.0,0.0,0.0,0.27,34.57,0.27
week,Teacher,All,09/07/20,3.3,0.0,0.0,0.0,0.0,0.0,0.0,0.0,0.0,0.0,0.0,0.0,0.0,0.0,0.0,0.0,0.0,0.0,0.0,0.0,0.0,3.3,101.82,3.3
week,Teacher,All,08/31/20,0.0,0.0,0.0,0.0,0.0,0.0,0.0,0.0,0.0,0.0,0.0,0.0,0.0,0.0,0.0,0.0,0.0,0.0,0.0,0.0,0.0,0.0,123.98,0.0
week,Teacher,All,08/24/20,1.03,0.0,0.0,0.0,0.0,0.0,0.0,0.0,0.0,0.0,0.0,0.0,0.0,0.0,0.0,0.0,0.0,0.0,0.0,0.0,0.0,1.03,87.42,1.03
week,Teacher,All,08/17/20,5.23,0.0,0.0,0.0,0.0,0.0,0.0,0.0,0.0,0.0,0.0,0.0,0.0,0.0,0.0,0.0,0.0,0.0,0.0,0.0,0.0,5.23,44.13,5.23
week,Teacher,All,08/10/20,24.85,0.2,0.0,0.0,0.0,0.0,0.0,0.0,0.0,0.0,0.0,0.0,0.0,0.0,0.0,0.0,0.0,0.0,0.0,0.0,0.0,25.05,81.4,25.25
week,Teacher,All,08/03/20,5.18,0.0,0.0,0.0,0.0,0.0,0.0,0.0,0.0,0.0,0.0,0.0,0.0,0.0,0.0,0.0,0.0,0.0,0.0,0.0,0.0,5.18,98.17,5.18
week,Teacher,All,07/27/20,35.0,0.0,0.0,0.0,0.0,0.0,0.0,0.0,0.0,0.0,0.0,0.0,0.0,0.0,0.0,0.0,0.0,0.0,0.0,0.0,0.0,35.0,150.38,35.0
week,Teacher,All,07/20/20,11.67,0.0,0.0,0.0,0.0,0.0,0.0,0.0,0.0,0.0,0.0,0.0,0.0,0.0,0.0,0.0,0.0,0.0,0.0,0.0,0.0,11.67,111.22,11.67
week,Teacher,All,07/13/20,0.0,0.0,0.0,0.0,0.0,0.0,0.0,0.0,0.0,0.0,0.0,0.0,0.0,0.0,0.0,0.0,0.0,0.0,0.0,0.0,0.0,0.0,0.0,0.0
week,Teacher,All,07/06/20,0.0,0.0,0.0,0.0,0.0,0.0,0.0,0.0,0.0,0.0,0.0,0.0,0.0,0.0,0.0,0.0,0.0,0.0,0.0,0.0,0.0,0.0,0.0,0.0
week,Teacher,All,06/29/20,0.0,0.0,0.0,0.0,0.0,0.0,0.0,0.0,0.0,0.0,0.0,0.0,0.0,0.0,0.0,0.0,0.0,0.0,0.0,0.0,0.0,0.0,0.0,0.0
week,Teacher,All,06/22/20,0.0,0.0,0.0,0.0,0.0,0.0,0.0,0.0,0.0,0.0,0.0,0.0,0.0,0.0,0.0,0.0,0.0,0.0,0.0,0.0,0.0,0.0,0.0,0.0
week,Teacher,All,06/15/20,0.0,0.0,0.0,0.0,0.0,0.0,0.0,0.0,0.0,0.0,0.0,0.0,0.0,0.0,0.0,0.0,0.0,0.0,0.0,0.0,0.0,0.0,0.0,0.0
week,Teacher,All,06/08/20,0.0,0.0,0.0,0.0,0.0,0.0,0.0,0.0,0.0,0.0,0.0,0.0,0.0,0.0,0.0,0.0,0.0,0.0,0.0,0.0,0.0,0.0,0.0,0.0
week,Teacher,All,06/01/20,0.0,0.0,0.0,0.0,0.0,0.0,0.0,0.0,0.0,0.0,0.0,0.0,0.0,0.0,0.0,0.0,0.0,0.0,0.0,0.0,0.0,0.0,0.0,0.0
week,Teacher,All,05/25/20,0.0,0.0,0.0,0.0,0.0,0.0,0.0,0.0,0.0,0.0,0.0,0.0,0.0,0.0,0.0,0.0,0.0,0.0,0.0,0.0,0.0,0.0,0.0,0.0
week,Teacher,All,05/18/20,0.0,0.0,0.0,0.0,0.0,0.0,0.0,0.0,0.0,0.0,0.0,0.0,0.0,0.0,0.0,0.0,0.0,0.0,0.0,0.0,0.0,0.0,0.0,0.0
week,Teacher,All,05/11/20,0.0,0.0,0.0,0.0,0.0,0.0,0.0,0.0,0.0,0.0,0.0,0.0,0.0,0.0,0.0,0.0,0.0,0.0,0.0,0.0,0.0,0.0,0.0,0.0
week,Teacher,All,05/04/20,0.0,0.0,0.0,0.0,0.0,0.0,0.0,0.0,0.0,0.0,0.0,0.0,0.0,0.0,0.0,0.0,0.0,0.0,0.0,0.0,0.0,0.0,0.0,0.0
week,Teacher,All,04/27/20,0.0,0.0,0.0,0.0,0.0,0.0,0.0,0.0,0.0,0.0,0.0,0.0,0.0,0.0,0.0,0.0,0.0,0.0,0.0,0.0,0.0,0.0,0.0,0.0
week,Teacher,All,04/20/20,0.0,0.0,0.0,0.0,0.0,0.0,0.0,0.0,0.0,0.0,0.0,0.0,0.0,0.0,0.0,0.0,0.0,0.0,0.0,0.0,0.0,0.0,0.0,0.0
week,Teacher,All,04/13/20,0.0,0.0,0.0,0.0,0.0,0.0,0.0,0.0,0.0,0.0,0.0,0.0,0.0,0.0,0.0,0.0,0.0,0.0,0.0,0.0,0.0,0.0,0.0,0.0
week,Teacher,All,04/06/20,0.0,0.0,0.0,0.0,0.0,0.0,0.0,0.0,0.0,0.0,0.0,0.0,0.0,0.0,0.0,0.0,0.0,0.0,0.0,0.0,0.0,0.0,0.0,0.0
week,Teacher,All,03/30/20,0.0,0.0,0.0,0.0,0.0,0.0,0.0,0.0,0.0,0.0,0.0,0.0,0.0,0.0,0.0,0.0,0.0,0.0,0.0,0.0,0.0,0.0,0.0,0.0
week,Teacher,All,03/23/20,0.0,0.0,0.0,0.0,0.0,0.0,0.0,0.0,0.0,0.0,0.0,0.0,0.0,0.0,0.0,0.0,0.0,0.0,0.0,0.0,0.0,0.0,0.0,0.0
week,Teacher,All,03/16/20,3.67,0.37,0.0,0.0,0.0,0.0,0.0,0.0,0.0,0.0,0.0,0.0,0.0,0.0,0.0,0.0,0.0,0.0,0.0,0.0,0.0,4.03,13.65,4.4
week,Teacher,All,03/09/20,0.0,0.0,0.0,0.0,0.0,0.0,0.0,0.0,0.0,0.0,0.0,0.0,0.0,0.0,0.0,0.0,0.0,0.0,0.0,0.0,0.0,0.0,12.13,0.0
week,Teacher,All,03/02/20,20.73,0.0,0.0,0.0,0.0,0.0,0.0,0.0,0.0,0.0,0.0,0.0,0.0,0.0,0.0,0.0,0.0,0.0,0.0,0.0,0.0,20.73,81.5,20.73
week,Teacher,All,02/24/20,2.4,0.0,0.0,0.0,0.0,0.0,0.0,0.0,0.0,0.0,0.0,0.0,0.0,0.0,0.0,0.0,0.0,0.0,0.0,0.0,0.0,2.4,90.32,2.4
week,Teacher,All,02/17/20,0.07,0.0,0.0,0.0,0.0,0.0,0.0,0.0,0.0,0.0,0.0,0.0,0.0,0.0,0.0,0.0,0.0,0.0,0.0,0.0,0.0,0.07,10.55,0.07
week,Teacher,All,02/10/20,33.53,0.0,0.0,0.0,0.0,0.0,0.0,0.0,0.0,0.0,0.0,0.0,0.0,0.0,0.0,0.0,0.0,0.0,0.0,0.0,0.0,33.53,124.48,33.53
week,Teacher,All,02/03/20,12.92,4.07,0.0,0.0,0.0,0.0,0.0,0.0,0.0,0.0,0.0,0.0,0.0,0.0,0.0,0.0,0.0,0.0,0.0,0.0,0.0,16.98,135.97,21.05
week,Teacher,All,01/27/20,3.67,4.23,0.0,0.0,0.0,0.0,0.0,0.0,0.0,0.0,0.0,0.0,0.0,0.0,0.0,0.0,0.0,0.0,0.0,0.0,0.0,7.9,84.35,12.13
week,Teacher,All,01/20/20,15.83,0.6,0.0,0.0,0.0,0.0,0.0,0.0,0.0,0.0,0.0,0.0,0.0,0.0,0.0,0.0,0.0,0.0,0.0,0.0,0.0,16.43,129.33,17.03
week,Teacher,All,01/13/20,2.88,0.0,0.0,0.0,0.0,0.0,0.0,0.0,0.0,0.0,0.0,0.0,0.0,0.0,0.0,0.0,0.0,0.0,0.0,0.0,0.0,2.88,32.73,2.88
week,Teacher,All,01/06/20,3.02,1.43,0.05,0.0,0.0,0.0,0.0,0.0,0.0,0.0,0.0,0.0,0.0,0.0,0.0,0.0,0.0,0.0,0.0,0.0,0.0,4.5,16.38,6.03
week,Teacher,All,12/30/19,0.0,0.0,0.0,0.0,0.0,0.0,0.0,0.0,0.0,0.0,0.0,0.0,0.0,0.0,0.0,0.0,0.0,0.0,0.0,0.0,0.0,0.0,0.0,0.0
week,Teacher,All,12/23/19,0.0,0.0,0.0,0.0,0.0,0.0,0.0,0.0,0.0,0.0,0.0,0.0,0.0,0.0,0.0,0.0,0.0,0.0,0.0,0.0,0.0,0.0,0.0,0.0
week,Teacher,All,12/16/19,0.0,0.0,0.0,0.0,0.0,0.0,0.0,0.0,0.0,0.0,0.0,0.0,0.0,0.0,0.0,0.0,0.0,0.0,0.0,0.0,0.0,0.0,0.0,0.0
week,Teacher,All,12/09/19,0.0,0.0,0.0,0.0,0.0,0.0,0.0,0.0,0.0,0.0,0.0,0.0,0.0,0.0,0.0,0.0,0.0,0.0,0.0,0.0,0.0,0.0,7.72,0.0
week,Teacher,All,12/02/19,9.28,0.0,0.0,0.0,0.0,0.0,0.0,0.0,0.0,0.0,0.0,0.0,0.0,0.0,0.0,0.0,0.0,0.0,0.0,0.0,0.0,9.28,12.23,9.28
week,Teacher,All,11/25/19,5.52,0.03,0.0,0.0,0.0,0.0,0.0,0.0,0.0,0.0,0.0,0.0,0.0,0.0,0.0,0.0,0.0,0.0,0.0,0.0,0.0,5.55,26.13,5.58
week,Teacher,All,11/18/19,0.38,0.68,2.57,0.0,0.0,0.0,0.0,0.0,0.0,0.0,0.0,0.0,0.0,0.0,0.0,0.0,0.0,0.0,0.0,0.0,0.0,3.63,8.18,9.45
week,Teacher,All,11/11/19,4.35,2.0,0.0,0.0,0.0,0.0,0.0,0.0,0.0,0.0,0.0,0.0,0.0,0.0,0.0,0.0,0.0,0.0,0.0,0.0,0.0,6.35,107.88,8.35
week,Teacher,All,11/04/19,31.78,0.82,0.0,0.0,0.0,0.0,0.0,0.0,0.0,0.0,0.0,0.0,0.0,0.0,0.0,0.0,0.0,0.0,0.0,0.0,0.0,32.6,68.48,33.42
week,Teacher,All,10/28/19,0.0,0.0,0.0,0.0,0.0,0.0,0.0,0.0,0.0,0.0,0.0,0.0,0.0,0.0,0.0,0.0,0.0,0.0,0.0,0.0,0.0,0.0,33.5,0.0
week,Teacher,All,10/21/19,1.6,0.0,0.0,0.0,0.0,0.0,0.0,0.0,0.0,0.0,0.0,0.0,0.0,0.0,0.0,0.0,0.0,0.0,0.0,0.0,0.0,1.6,65.68,1.6
